img_path,label
/workspace/DS/Datas/FAS/SiW-Mv2/official/spoof/Silicone/Mask_Silicone_7/170.png,1
/workspace/DS/Datas/FAS/SiW-Mv2/official/spoof/Silicone/Mask_Silicone_16/80.png,1
/workspace/DS/Datas/FAS/SiW-Mv2/official/spoof/Silicone/Mask_Silicone_8/100.png,1
/workspace/DS/Datas/FAS/SiW-Mv2/official/spoof/Silicone/Mask_Silicone_8/160.png,1
/workspace/DS/Datas/FAS/SiW-Mv2/official/spoof/Silicone/Mask_Silicone_8/75.png,1
/workspace/DS/Datas/FAS/SiW-Mv2/official/spoof/Silicone/Mask_Silicone_5/110.png,1
/workspace/DS/Datas/FAS/SiW-Mv2/official/spoof/Silicone/Mask_Silicone_2/80.png,1
/workspace/DS/Datas/FAS/SiW-Mv2/official/spoof/Silicone/Mask_Silicone_6/60.png,1
/workspace/DS/Datas/FAS/SiW-Mv2/official/spoof/Silicone/Mask_Silicone_8/200.png,1
/workspace/DS/Datas/FAS/SiW-Mv2/official/spoof/Silicone/Mask_Silicone_16/145.png,1
/workspace/DS/Datas/FAS/SiW-Mv2/official/spoof/Silicone/Mask_Silicone_3/30.png,1
/workspace/DS/Datas/FAS/SiW-Mv2/official/spoof/Silicone/Mask_Silicone_12/180.png,1
/workspace/DS/Datas/FAS/SiW-Mv2/official/spoof/Silicone/Mask_Silicone_5/25.png,1
/workspace/DS/Datas/FAS/SiW-Mv2/official/spoof/Silicone/Mask_Silicone_14/125.png,1
/workspace/DS/Datas/FAS/SiW-Mv2/official/spoof/Silicone/Mask_Silicone_1/135.png,1
/workspace/DS/Datas/FAS/SiW-Mv2/official/spoof/Silicone/Mask_Silicone_11/45.png,1
/workspace/DS/Datas/FAS/SiW-Mv2/official/spoof/Silicone/Mask_Silicone_3/175.png,1
/workspace/DS/Datas/FAS/SiW-Mv2/official/spoof/Silicone/Mask_Silicone_12/210.png,1
/workspace/DS/Datas/FAS/SiW-Mv2/official/spoof/Silicone/Mask_Silicone_5/165.png,1
/workspace/DS/Datas/FAS/SiW-Mv2/official/spoof/Silicone/Mask_Silicone_10/135.png,1
/workspace/DS/Datas/FAS/SiW-Mv2/official/spoof/Silicone/Mask_Silicone_2/85.png,1
/workspace/DS/Datas/FAS/SiW-Mv2/official/spoof/Silicone/Mask_Silicone_15/110.png,1
/workspace/DS/Datas/FAS/SiW-Mv2/official/spoof/Silicone/Mask_Silicone_4/120.png,1
/workspace/DS/Datas/FAS/SiW-Mv2/official/spoof/Silicone/Mask_Silicone_10/120.png,1
/workspace/DS/Datas/FAS/SiW-Mv2/official/spoof/Silicone/Mask_Silicone_12/190.png,1
/workspace/DS/Datas/FAS/SiW-Mv2/official/spoof/Silicone/Mask_Silicone_17/180.png,1
/workspace/DS/Datas/FAS/SiW-Mv2/official/spoof/Silicone/Mask_Silicone_2/135.png,1
/workspace/DS/Datas/FAS/SiW-Mv2/official/spoof/Silicone/Mask_Silicone_8/150.png,1
/workspace/DS/Datas/FAS/SiW-Mv2/official/spoof/Silicone/Mask_Silicone_16/130.png,1
/workspace/DS/Datas/FAS/SiW-Mv2/official/spoof/Silicone/Mask_Silicone_16/65.png,1
/workspace/DS/Datas/FAS/SiW-Mv2/official/spoof/Silicone/Mask_Silicone_11/90.png,1
/workspace/DS/Datas/FAS/SiW-Mv2/official/spoof/Silicone/Mask_Silicone_12/115.png,1
/workspace/DS/Datas/FAS/SiW-Mv2/official/spoof/Silicone/Mask_Silicone_9/160.png,1
/workspace/DS/Datas/FAS/SiW-Mv2/official/spoof/Silicone/Mask_Silicone_14/185.png,1
/workspace/DS/Datas/FAS/SiW-Mv2/official/spoof/Silicone/Mask_Silicone_10/205.png,1
/workspace/DS/Datas/FAS/SiW-Mv2/official/spoof/Silicone/Mask_Silicone_3/150.png,1
/workspace/DS/Datas/FAS/SiW-Mv2/official/spoof/Silicone/Mask_Silicone_11/145.png,1
/workspace/DS/Datas/FAS/SiW-Mv2/official/spoof/Silicone/Mask_Silicone_14/70.png,1
/workspace/DS/Datas/FAS/SiW-Mv2/official/spoof/Silicone/Mask_Silicone_7/145.png,1
/workspace/DS/Datas/FAS/SiW-Mv2/official/spoof/Silicone/Mask_Silicone_11/210.png,1
/workspace/DS/Datas/FAS/SiW-Mv2/official/spoof/Silicone/Mask_Silicone_3/125.png,1
/workspace/DS/Datas/FAS/SiW-Mv2/official/spoof/Silicone/Mask_Silicone_16/5.png,1
/workspace/DS/Datas/FAS/SiW-Mv2/official/spoof/Silicone/Mask_Silicone_3/200.png,1
/workspace/DS/Datas/FAS/SiW-Mv2/official/spoof/Silicone/Mask_Silicone_9/50.png,1
/workspace/DS/Datas/FAS/SiW-Mv2/official/spoof/Silicone/Mask_Silicone_16/165.png,1
/workspace/DS/Datas/FAS/SiW-Mv2/official/spoof/Silicone/Mask_Silicone_4/205.png,1
/workspace/DS/Datas/FAS/SiW-Mv2/official/spoof/Silicone/Mask_Silicone_16/35.png,1
/workspace/DS/Datas/FAS/SiW-Mv2/official/spoof/Silicone/Mask_Silicone_4/145.png,1
/workspace/DS/Datas/FAS/SiW-Mv2/official/spoof/Silicone/Mask_Silicone_1/40.png,1
/workspace/DS/Datas/FAS/SiW-Mv2/official/spoof/Silicone/Mask_Silicone_10/30.png,1
/workspace/DS/Datas/FAS/SiW-Mv2/official/spoof/Silicone/Mask_Silicone_9/155.png,1
/workspace/DS/Datas/FAS/SiW-Mv2/official/spoof/Silicone/Mask_Silicone_6/70.png,1
/workspace/DS/Datas/FAS/SiW-Mv2/official/spoof/Silicone/Mask_Silicone_5/60.png,1
/workspace/DS/Datas/FAS/SiW-Mv2/official/spoof/Silicone/Mask_Silicone_11/115.png,1
/workspace/DS/Datas/FAS/SiW-Mv2/official/spoof/Silicone/Mask_Silicone_15/165.png,1
/workspace/DS/Datas/FAS/SiW-Mv2/official/spoof/Silicone/Mask_Silicone_3/155.png,1
/workspace/DS/Datas/FAS/SiW-Mv2/official/spoof/Silicone/Mask_Silicone_13/80.png,1
/workspace/DS/Datas/FAS/SiW-Mv2/official/spoof/Silicone/Mask_Silicone_17/105.png,1
/workspace/DS/Datas/FAS/SiW-Mv2/official/spoof/Silicone/Mask_Silicone_5/155.png,1
/workspace/DS/Datas/FAS/SiW-Mv2/official/spoof/Silicone/Mask_Silicone_6/110.png,1
/workspace/DS/Datas/FAS/SiW-Mv2/official/spoof/Silicone/Mask_Silicone_10/55.png,1
/workspace/DS/Datas/FAS/SiW-Mv2/official/spoof/Silicone/Mask_Silicone_7/15.png,1
/workspace/DS/Datas/FAS/SiW-Mv2/official/spoof/Silicone/Mask_Silicone_8/5.png,1
/workspace/DS/Datas/FAS/SiW-Mv2/official/spoof/Silicone/Mask_Silicone_9/170.png,1
/workspace/DS/Datas/FAS/SiW-Mv2/official/spoof/Silicone/Mask_Silicone_14/30.png,1
/workspace/DS/Datas/FAS/SiW-Mv2/official/spoof/Silicone/Mask_Silicone_8/90.png,1
/workspace/DS/Datas/FAS/SiW-Mv2/official/spoof/Silicone/Mask_Silicone_17/55.png,1
/workspace/DS/Datas/FAS/SiW-Mv2/official/spoof/Silicone/Mask_Silicone_5/20.png,1
/workspace/DS/Datas/FAS/SiW-Mv2/official/spoof/Silicone/Mask_Silicone_14/135.png,1
/workspace/DS/Datas/FAS/SiW-Mv2/official/spoof/Silicone/Mask_Silicone_4/90.png,1
/workspace/DS/Datas/FAS/SiW-Mv2/official/spoof/Silicone/Mask_Silicone_15/45.png,1
/workspace/DS/Datas/FAS/SiW-Mv2/official/spoof/Silicone/Mask_Silicone_6/65.png,1
/workspace/DS/Datas/FAS/SiW-Mv2/official/spoof/Silicone/Mask_Silicone_15/5.png,1
/workspace/DS/Datas/FAS/SiW-Mv2/official/spoof/Silicone/Mask_Silicone_7/110.png,1
/workspace/DS/Datas/FAS/SiW-Mv2/official/spoof/Silicone/Mask_Silicone_12/185.png,1
/workspace/DS/Datas/FAS/SiW-Mv2/official/spoof/Silicone/Mask_Silicone_4/80.png,1
/workspace/DS/Datas/FAS/SiW-Mv2/official/spoof/Silicone/Mask_Silicone_16/110.png,1
/workspace/DS/Datas/FAS/SiW-Mv2/official/spoof/Silicone/Mask_Silicone_10/10.png,1
/workspace/DS/Datas/FAS/SiW-Mv2/official/spoof/Silicone/Mask_Silicone_9/135.png,1
/workspace/DS/Datas/FAS/SiW-Mv2/official/spoof/Silicone/Mask_Silicone_2/150.png,1
/workspace/DS/Datas/FAS/SiW-Mv2/official/spoof/Silicone/Mask_Silicone_17/15.png,1
/workspace/DS/Datas/FAS/SiW-Mv2/official/spoof/Silicone/Mask_Silicone_14/90.png,1
/workspace/DS/Datas/FAS/SiW-Mv2/official/spoof/Silicone/Mask_Silicone_15/10.png,1
/workspace/DS/Datas/FAS/SiW-Mv2/official/spoof/Silicone/Mask_Silicone_4/50.png,1
/workspace/DS/Datas/FAS/SiW-Mv2/official/spoof/Silicone/Mask_Silicone_13/40.png,1
/workspace/DS/Datas/FAS/SiW-Mv2/official/spoof/Silicone/Mask_Silicone_11/130.png,1
/workspace/DS/Datas/FAS/SiW-Mv2/official/spoof/Silicone/Mask_Silicone_14/35.png,1
/workspace/DS/Datas/FAS/SiW-Mv2/official/spoof/Silicone/Mask_Silicone_13/175.png,1
/workspace/DS/Datas/FAS/SiW-Mv2/official/spoof/Silicone/Mask_Silicone_7/50.png,1
/workspace/DS/Datas/FAS/SiW-Mv2/official/spoof/Silicone/Mask_Silicone_13/25.png,1
/workspace/DS/Datas/FAS/SiW-Mv2/official/spoof/Silicone/Mask_Silicone_17/155.png,1
/workspace/DS/Datas/FAS/SiW-Mv2/official/spoof/Silicone/Mask_Silicone_1/170.png,1
/workspace/DS/Datas/FAS/SiW-Mv2/official/spoof/Silicone/Mask_Silicone_13/65.png,1
/workspace/DS/Datas/FAS/SiW-Mv2/official/spoof/Silicone/Mask_Silicone_14/155.png,1
/workspace/DS/Datas/FAS/SiW-Mv2/official/spoof/Silicone/Mask_Silicone_2/200.png,1
/workspace/DS/Datas/FAS/SiW-Mv2/official/spoof/Silicone/Mask_Silicone_13/85.png,1
/workspace/DS/Datas/FAS/SiW-Mv2/official/spoof/Silicone/Mask_Silicone_8/45.png,1
/workspace/DS/Datas/FAS/SiW-Mv2/official/spoof/Silicone/Mask_Silicone_14/165.png,1
/workspace/DS/Datas/FAS/SiW-Mv2/official/spoof/Silicone/Mask_Silicone_5/15.png,1
/workspace/DS/Datas/FAS/SiW-Mv2/official/spoof/Silicone/Mask_Silicone_10/140.png,1
/workspace/DS/Datas/FAS/SiW-Mv2/official/spoof/Silicone/Mask_Silicone_6/120.png,1
/workspace/DS/Datas/FAS/SiW-Mv2/official/spoof/Silicone/Mask_Silicone_15/130.png,1
/workspace/DS/Datas/FAS/SiW-Mv2/official/spoof/Silicone/Mask_Silicone_2/55.png,1
/workspace/DS/Datas/FAS/SiW-Mv2/official/spoof/Silicone/Mask_Silicone_13/125.png,1
/workspace/DS/Datas/FAS/SiW-Mv2/official/spoof/Silicone/Mask_Silicone_9/45.png,1
/workspace/DS/Datas/FAS/SiW-Mv2/official/spoof/Silicone/Mask_Silicone_15/155.png,1
/workspace/DS/Datas/FAS/SiW-Mv2/official/spoof/Silicone/Mask_Silicone_9/5.png,1
/workspace/DS/Datas/FAS/SiW-Mv2/official/spoof/Silicone/Mask_Silicone_1/70.png,1
/workspace/DS/Datas/FAS/SiW-Mv2/official/spoof/Silicone/Mask_Silicone_12/110.png,1
/workspace/DS/Datas/FAS/SiW-Mv2/official/spoof/Silicone/Mask_Silicone_5/145.png,1
/workspace/DS/Datas/FAS/SiW-Mv2/official/spoof/Silicone/Mask_Silicone_3/25.png,1
/workspace/DS/Datas/FAS/SiW-Mv2/official/spoof/Silicone/Mask_Silicone_2/20.png,1
/workspace/DS/Datas/FAS/SiW-Mv2/official/spoof/Silicone/Mask_Silicone_10/175.png,1
/workspace/DS/Datas/FAS/SiW-Mv2/official/spoof/Silicone/Mask_Silicone_7/130.png,1
/workspace/DS/Datas/FAS/SiW-Mv2/official/spoof/Silicone/Mask_Silicone_15/140.png,1
/workspace/DS/Datas/FAS/SiW-Mv2/official/spoof/Silicone/Mask_Silicone_1/125.png,1
/workspace/DS/Datas/FAS/SiW-Mv2/official/spoof/Silicone/Mask_Silicone_6/95.png,1
/workspace/DS/Datas/FAS/SiW-Mv2/official/spoof/Silicone/Mask_Silicone_5/105.png,1
/workspace/DS/Datas/FAS/SiW-Mv2/official/spoof/Silicone/Mask_Silicone_11/80.png,1
/workspace/DS/Datas/FAS/SiW-Mv2/official/spoof/Silicone/Mask_Silicone_6/205.png,1
/workspace/DS/Datas/FAS/SiW-Mv2/official/spoof/Silicone/Mask_Silicone_10/95.png,1
/workspace/DS/Datas/FAS/SiW-Mv2/official/spoof/Silicone/Mask_Silicone_9/90.png,1
/workspace/DS/Datas/FAS/SiW-Mv2/official/spoof/Silicone/Mask_Silicone_3/15.png,1
/workspace/DS/Datas/FAS/SiW-Mv2/official/spoof/Silicone/Mask_Silicone_1/15.png,1
/workspace/DS/Datas/FAS/SiW-Mv2/official/spoof/Silicone/Mask_Silicone_7/155.png,1
/workspace/DS/Datas/FAS/SiW-Mv2/official/spoof/Silicone/Mask_Silicone_7/65.png,1
/workspace/DS/Datas/FAS/SiW-Mv2/official/spoof/Silicone/Mask_Silicone_10/50.png,1
/workspace/DS/Datas/FAS/SiW-Mv2/official/spoof/Silicone/Mask_Silicone_3/90.png,1
/workspace/DS/Datas/FAS/SiW-Mv2/official/spoof/Silicone/Mask_Silicone_16/135.png,1
/workspace/DS/Datas/FAS/SiW-Mv2/official/spoof/Silicone/Mask_Silicone_5/45.png,1
/workspace/DS/Datas/FAS/SiW-Mv2/official/spoof/Silicone/Mask_Silicone_12/10.png,1
/workspace/DS/Datas/FAS/SiW-Mv2/official/spoof/Silicone/Mask_Silicone_3/50.png,1
/workspace/DS/Datas/FAS/SiW-Mv2/official/spoof/Silicone/Mask_Silicone_10/200.png,1
/workspace/DS/Datas/FAS/SiW-Mv2/official/spoof/Silicone/Mask_Silicone_16/175.png,1
/workspace/DS/Datas/FAS/SiW-Mv2/official/spoof/Silicone/Mask_Silicone_3/145.png,1
/workspace/DS/Datas/FAS/SiW-Mv2/official/spoof/Silicone/Mask_Silicone_16/30.png,1
/workspace/DS/Datas/FAS/SiW-Mv2/official/spoof/Silicone/Mask_Silicone_13/15.png,1
/workspace/DS/Datas/FAS/SiW-Mv2/official/spoof/Silicone/Mask_Silicone_5/100.png,1
/workspace/DS/Datas/FAS/SiW-Mv2/official/spoof/Silicone/Mask_Silicone_6/190.png,1
/workspace/DS/Datas/FAS/SiW-Mv2/official/spoof/Silicone/Mask_Silicone_10/160.png,1
/workspace/DS/Datas/FAS/SiW-Mv2/official/spoof/Silicone/Mask_Silicone_4/60.png,1
/workspace/DS/Datas/FAS/SiW-Mv2/official/spoof/Silicone/Mask_Silicone_3/45.png,1
/workspace/DS/Datas/FAS/SiW-Mv2/official/spoof/Silicone/Mask_Silicone_1/30.png,1
/workspace/DS/Datas/FAS/SiW-Mv2/official/spoof/Silicone/Mask_Silicone_14/20.png,1
/workspace/DS/Datas/FAS/SiW-Mv2/official/spoof/Silicone/Mask_Silicone_7/80.png,1
/workspace/DS/Datas/FAS/SiW-Mv2/official/spoof/Silicone/Mask_Silicone_7/160.png,1
/workspace/DS/Datas/FAS/SiW-Mv2/official/spoof/Silicone/Mask_Silicone_2/75.png,1
/workspace/DS/Datas/FAS/SiW-Mv2/official/spoof/Silicone/Mask_Silicone_9/195.png,1
/workspace/DS/Datas/FAS/SiW-Mv2/official/spoof/Silicone/Mask_Silicone_14/60.png,1
/workspace/DS/Datas/FAS/SiW-Mv2/official/spoof/Silicone/Mask_Silicone_15/125.png,1
/workspace/DS/Datas/FAS/SiW-Mv2/official/spoof/Silicone/Mask_Silicone_13/205.png,1
/workspace/DS/Datas/FAS/SiW-Mv2/official/spoof/Silicone/Mask_Silicone_5/195.png,1
/workspace/DS/Datas/FAS/SiW-Mv2/official/spoof/Silicone/Mask_Silicone_2/185.png,1
/workspace/DS/Datas/FAS/SiW-Mv2/official/spoof/Silicone/Mask_Silicone_11/150.png,1
/workspace/DS/Datas/FAS/SiW-Mv2/official/spoof/Silicone/Mask_Silicone_8/65.png,1
/workspace/DS/Datas/FAS/SiW-Mv2/official/spoof/Silicone/Mask_Silicone_2/210.png,1
/workspace/DS/Datas/FAS/SiW-Mv2/official/spoof/Silicone/Mask_Silicone_4/175.png,1
/workspace/DS/Datas/FAS/SiW-Mv2/official/spoof/Silicone/Mask_Silicone_14/80.png,1
/workspace/DS/Datas/FAS/SiW-Mv2/official/spoof/Silicone/Mask_Silicone_16/105.png,1
/workspace/DS/Datas/FAS/SiW-Mv2/official/spoof/Silicone/Mask_Silicone_11/195.png,1
/workspace/DS/Datas/FAS/SiW-Mv2/official/spoof/Silicone/Mask_Silicone_3/80.png,1
/workspace/DS/Datas/FAS/SiW-Mv2/official/spoof/Silicone/Mask_Silicone_14/85.png,1
/workspace/DS/Datas/FAS/SiW-Mv2/official/spoof/Silicone/Mask_Silicone_11/105.png,1
/workspace/DS/Datas/FAS/SiW-Mv2/official/spoof/Silicone/Mask_Silicone_10/25.png,1
/workspace/DS/Datas/FAS/SiW-Mv2/official/spoof/Silicone/Mask_Silicone_5/35.png,1
/workspace/DS/Datas/FAS/SiW-Mv2/official/spoof/Silicone/Mask_Silicone_6/160.png,1
/workspace/DS/Datas/FAS/SiW-Mv2/official/spoof/Silicone/Mask_Silicone_1/110.png,1
/workspace/DS/Datas/FAS/SiW-Mv2/official/spoof/Silicone/Mask_Silicone_17/175.png,1
/workspace/DS/Datas/FAS/SiW-Mv2/official/spoof/Silicone/Mask_Silicone_15/25.png,1
/workspace/DS/Datas/FAS/SiW-Mv2/official/spoof/Silicone/Mask_Silicone_5/175.png,1
/workspace/DS/Datas/FAS/SiW-Mv2/official/spoof/Silicone/Mask_Silicone_3/70.png,1
/workspace/DS/Datas/FAS/SiW-Mv2/official/spoof/Silicone/Mask_Silicone_11/15.png,1
/workspace/DS/Datas/FAS/SiW-Mv2/official/spoof/Silicone/Mask_Silicone_12/75.png,1
/workspace/DS/Datas/FAS/SiW-Mv2/official/spoof/Silicone/Mask_Silicone_2/60.png,1
/workspace/DS/Datas/FAS/SiW-Mv2/official/spoof/Silicone/Mask_Silicone_2/5.png,1
/workspace/DS/Datas/FAS/SiW-Mv2/official/spoof/Silicone/Mask_Silicone_6/140.png,1
/workspace/DS/Datas/FAS/SiW-Mv2/official/spoof/Silicone/Mask_Silicone_11/125.png,1
/workspace/DS/Datas/FAS/SiW-Mv2/official/spoof/Silicone/Mask_Silicone_16/195.png,1
/workspace/DS/Datas/FAS/SiW-Mv2/official/spoof/Silicone/Mask_Silicone_10/90.png,1
/workspace/DS/Datas/FAS/SiW-Mv2/official/spoof/Silicone/Mask_Silicone_8/85.png,1
/workspace/DS/Datas/FAS/SiW-Mv2/official/spoof/Silicone/Mask_Silicone_6/30.png,1
/workspace/DS/Datas/FAS/SiW-Mv2/official/spoof/Silicone/Mask_Silicone_13/180.png,1
/workspace/DS/Datas/FAS/SiW-Mv2/official/spoof/Silicone/Mask_Silicone_5/85.png,1
/workspace/DS/Datas/FAS/SiW-Mv2/official/spoof/Silicone/Mask_Silicone_16/155.png,1
/workspace/DS/Datas/FAS/SiW-Mv2/official/spoof/Silicone/Mask_Silicone_8/190.png,1
/workspace/DS/Datas/FAS/SiW-Mv2/official/spoof/Silicone/Mask_Silicone_10/155.png,1
/workspace/DS/Datas/FAS/SiW-Mv2/official/spoof/Silicone/Mask_Silicone_1/35.png,1
/workspace/DS/Datas/FAS/SiW-Mv2/official/spoof/Silicone/Mask_Silicone_16/85.png,1
/workspace/DS/Datas/FAS/SiW-Mv2/official/spoof/Silicone/Mask_Silicone_2/120.png,1
/workspace/DS/Datas/FAS/SiW-Mv2/official/spoof/Silicone/Mask_Silicone_11/175.png,1
/workspace/DS/Datas/FAS/SiW-Mv2/official/spoof/Silicone/Mask_Silicone_3/35.png,1
/workspace/DS/Datas/FAS/SiW-Mv2/official/spoof/Silicone/Mask_Silicone_1/90.png,1
/workspace/DS/Datas/FAS/SiW-Mv2/official/spoof/Silicone/Mask_Silicone_14/75.png,1
/workspace/DS/Datas/FAS/SiW-Mv2/official/spoof/Silicone/Mask_Silicone_15/175.png,1
/workspace/DS/Datas/FAS/SiW-Mv2/official/spoof/Silicone/Mask_Silicone_14/5.png,1
/workspace/DS/Datas/FAS/SiW-Mv2/official/spoof/Silicone/Mask_Silicone_2/10.png,1
/workspace/DS/Datas/FAS/SiW-Mv2/official/spoof/Silicone/Mask_Silicone_4/65.png,1
/workspace/DS/Datas/FAS/SiW-Mv2/official/spoof/Silicone/Mask_Silicone_16/90.png,1
/workspace/DS/Datas/FAS/SiW-Mv2/official/spoof/Silicone/Mask_Silicone_10/165.png,1
/workspace/DS/Datas/FAS/SiW-Mv2/official/spoof/Silicone/Mask_Silicone_14/145.png,1
/workspace/DS/Datas/FAS/SiW-Mv2/official/spoof/Silicone/Mask_Silicone_8/120.png,1
/workspace/DS/Datas/FAS/SiW-Mv2/official/spoof/Silicone/Mask_Silicone_9/80.png,1
/workspace/DS/Datas/FAS/SiW-Mv2/official/spoof/Silicone/Mask_Silicone_4/135.png,1
/workspace/DS/Datas/FAS/SiW-Mv2/official/spoof/Silicone/Mask_Silicone_16/150.png,1
/workspace/DS/Datas/FAS/SiW-Mv2/official/spoof/Silicone/Mask_Silicone_7/75.png,1
/workspace/DS/Datas/FAS/SiW-Mv2/official/spoof/Silicone/Mask_Silicone_4/15.png,1
/workspace/DS/Datas/FAS/SiW-Mv2/official/spoof/Silicone/Mask_Silicone_10/145.png,1
/workspace/DS/Datas/FAS/SiW-Mv2/official/spoof/Silicone/Mask_Silicone_9/185.png,1
/workspace/DS/Datas/FAS/SiW-Mv2/official/spoof/Silicone/Mask_Silicone_9/180.png,1
/workspace/DS/Datas/FAS/SiW-Mv2/official/spoof/Silicone/Mask_Silicone_5/70.png,1
/workspace/DS/Datas/FAS/SiW-Mv2/official/spoof/Silicone/Mask_Silicone_6/155.png,1
/workspace/DS/Datas/FAS/SiW-Mv2/official/spoof/Silicone/Mask_Silicone_13/110.png,1
/workspace/DS/Datas/FAS/SiW-Mv2/official/spoof/Silicone/Mask_Silicone_13/35.png,1
/workspace/DS/Datas/FAS/SiW-Mv2/official/spoof/Silicone/Mask_Silicone_5/90.png,1
/workspace/DS/Datas/FAS/SiW-Mv2/official/spoof/Silicone/Mask_Silicone_6/50.png,1
/workspace/DS/Datas/FAS/SiW-Mv2/official/spoof/Silicone/Mask_Silicone_10/5.png,1
/workspace/DS/Datas/FAS/SiW-Mv2/official/spoof/Silicone/Mask_Silicone_11/30.png,1
/workspace/DS/Datas/FAS/SiW-Mv2/official/spoof/Silicone/Mask_Silicone_10/75.png,1
/workspace/DS/Datas/FAS/SiW-Mv2/official/spoof/Silicone/Mask_Silicone_2/70.png,1
/workspace/DS/Datas/FAS/SiW-Mv2/official/spoof/Silicone/Mask_Silicone_10/65.png,1
/workspace/DS/Datas/FAS/SiW-Mv2/official/spoof/Silicone/Mask_Silicone_6/195.png,1
/workspace/DS/Datas/FAS/SiW-Mv2/official/spoof/Silicone/Mask_Silicone_6/200.png,1
/workspace/DS/Datas/FAS/SiW-Mv2/official/spoof/Silicone/Mask_Silicone_8/30.png,1
/workspace/DS/Datas/FAS/SiW-Mv2/official/spoof/Silicone/Mask_Silicone_2/160.png,1
/workspace/DS/Datas/FAS/SiW-Mv2/official/spoof/Silicone/Mask_Silicone_5/160.png,1
/workspace/DS/Datas/FAS/SiW-Mv2/official/spoof/Silicone/Mask_Silicone_2/190.png,1
/workspace/DS/Datas/FAS/SiW-Mv2/official/spoof/Silicone/Mask_Silicone_7/115.png,1
/workspace/DS/Datas/FAS/SiW-Mv2/official/spoof/Silicone/Mask_Silicone_3/65.png,1
/workspace/DS/Datas/FAS/SiW-Mv2/official/spoof/Silicone/Mask_Silicone_5/30.png,1
/workspace/DS/Datas/FAS/SiW-Mv2/official/spoof/Silicone/Mask_Silicone_2/205.png,1
/workspace/DS/Datas/FAS/SiW-Mv2/official/spoof/Silicone/Mask_Silicone_9/125.png,1
/workspace/DS/Datas/FAS/SiW-Mv2/official/spoof/Silicone/Mask_Silicone_17/195.png,1
/workspace/DS/Datas/FAS/SiW-Mv2/official/spoof/Silicone/Mask_Silicone_1/175.png,1
/workspace/DS/Datas/FAS/SiW-Mv2/official/spoof/Silicone/Mask_Silicone_13/145.png,1
/workspace/DS/Datas/FAS/SiW-Mv2/official/spoof/Silicone/Mask_Silicone_7/90.png,1
/workspace/DS/Datas/FAS/SiW-Mv2/official/spoof/Silicone/Mask_Silicone_12/195.png,1
/workspace/DS/Datas/FAS/SiW-Mv2/official/spoof/Silicone/Mask_Silicone_12/150.png,1
/workspace/DS/Datas/FAS/SiW-Mv2/official/spoof/Silicone/Mask_Silicone_4/155.png,1
/workspace/DS/Datas/FAS/SiW-Mv2/official/spoof/Silicone/Mask_Silicone_2/155.png,1
/workspace/DS/Datas/FAS/SiW-Mv2/official/spoof/Silicone/Mask_Silicone_12/200.png,1
/workspace/DS/Datas/FAS/SiW-Mv2/official/spoof/Silicone/Mask_Silicone_15/135.png,1
/workspace/DS/Datas/FAS/SiW-Mv2/official/spoof/Silicone/Mask_Silicone_11/100.png,1
/workspace/DS/Datas/FAS/SiW-Mv2/official/spoof/Silicone/Mask_Silicone_11/110.png,1
/workspace/DS/Datas/FAS/SiW-Mv2/official/spoof/Silicone/Mask_Silicone_12/145.png,1
/workspace/DS/Datas/FAS/SiW-Mv2/official/spoof/Silicone/Mask_Silicone_12/5.png,1
/workspace/DS/Datas/FAS/SiW-Mv2/official/spoof/Silicone/Mask_Silicone_8/10.png,1
/workspace/DS/Datas/FAS/SiW-Mv2/official/spoof/Silicone/Mask_Silicone_15/75.png,1
/workspace/DS/Datas/FAS/SiW-Mv2/official/spoof/Silicone/Mask_Silicone_17/125.png,1
/workspace/DS/Datas/FAS/SiW-Mv2/official/spoof/Silicone/Mask_Silicone_10/170.png,1
/workspace/DS/Datas/FAS/SiW-Mv2/official/spoof/Silicone/Mask_Silicone_15/60.png,1
/workspace/DS/Datas/FAS/SiW-Mv2/official/spoof/Silicone/Mask_Silicone_8/145.png,1
/workspace/DS/Datas/FAS/SiW-Mv2/official/spoof/Silicone/Mask_Silicone_7/30.png,1
/workspace/DS/Datas/FAS/SiW-Mv2/official/spoof/Silicone/Mask_Silicone_17/30.png,1
/workspace/DS/Datas/FAS/SiW-Mv2/official/spoof/Silicone/Mask_Silicone_10/110.png,1
/workspace/DS/Datas/FAS/SiW-Mv2/official/spoof/Silicone/Mask_Silicone_5/205.png,1
/workspace/DS/Datas/FAS/SiW-Mv2/official/spoof/Silicone/Mask_Silicone_2/105.png,1
/workspace/DS/Datas/FAS/SiW-Mv2/official/spoof/Silicone/Mask_Silicone_13/70.png,1
/workspace/DS/Datas/FAS/SiW-Mv2/official/spoof/Silicone/Mask_Silicone_6/35.png,1
/workspace/DS/Datas/FAS/SiW-Mv2/official/spoof/Silicone/Mask_Silicone_12/45.png,1
/workspace/DS/Datas/FAS/SiW-Mv2/official/spoof/Silicone/Mask_Silicone_16/120.png,1
/workspace/DS/Datas/FAS/SiW-Mv2/official/spoof/Silicone/Mask_Silicone_12/95.png,1
/workspace/DS/Datas/FAS/SiW-Mv2/official/spoof/Silicone/Mask_Silicone_16/115.png,1
/workspace/DS/Datas/FAS/SiW-Mv2/official/spoof/Silicone/Mask_Silicone_11/10.png,1
/workspace/DS/Datas/FAS/SiW-Mv2/official/spoof/Silicone/Mask_Silicone_7/40.png,1
/workspace/DS/Datas/FAS/SiW-Mv2/official/spoof/Silicone/Mask_Silicone_14/100.png,1
/workspace/DS/Datas/FAS/SiW-Mv2/official/spoof/Silicone/Mask_Silicone_3/165.png,1
/workspace/DS/Datas/FAS/SiW-Mv2/official/spoof/Silicone/Mask_Silicone_13/10.png,1
/workspace/DS/Datas/FAS/SiW-Mv2/official/spoof/Silicone/Mask_Silicone_13/60.png,1
/workspace/DS/Datas/FAS/SiW-Mv2/official/spoof/Silicone/Mask_Silicone_9/10.png,1
/workspace/DS/Datas/FAS/SiW-Mv2/official/spoof/Silicone/Mask_Silicone_8/105.png,1
/workspace/DS/Datas/FAS/SiW-Mv2/official/spoof/Silicone/Mask_Silicone_15/15.png,1
/workspace/DS/Datas/FAS/SiW-Mv2/official/spoof/Silicone/Mask_Silicone_13/165.png,1
/workspace/DS/Datas/FAS/SiW-Mv2/official/spoof/Silicone/Mask_Silicone_13/105.png,1
/workspace/DS/Datas/FAS/SiW-Mv2/official/spoof/Silicone/Mask_Silicone_1/45.png,1
/workspace/DS/Datas/FAS/SiW-Mv2/official/spoof/Silicone/Mask_Silicone_14/25.png,1
/workspace/DS/Datas/FAS/SiW-Mv2/official/spoof/Silicone/Mask_Silicone_6/145.png,1
/workspace/DS/Datas/FAS/SiW-Mv2/official/spoof/Silicone/Mask_Silicone_3/85.png,1
/workspace/DS/Datas/FAS/SiW-Mv2/official/spoof/Silicone/Mask_Silicone_2/65.png,1
/workspace/DS/Datas/FAS/SiW-Mv2/official/spoof/Silicone/Mask_Silicone_17/115.png,1
/workspace/DS/Datas/FAS/SiW-Mv2/official/spoof/Silicone/Mask_Silicone_7/200.png,1
/workspace/DS/Datas/FAS/SiW-Mv2/official/spoof/Silicone/Mask_Silicone_11/40.png,1
/workspace/DS/Datas/FAS/SiW-Mv2/official/spoof/Silicone/Mask_Silicone_10/210.png,1
/workspace/DS/Datas/FAS/SiW-Mv2/official/spoof/Silicone/Mask_Silicone_11/20.png,1
/workspace/DS/Datas/FAS/SiW-Mv2/official/spoof/Silicone/Mask_Silicone_10/195.png,1
/workspace/DS/Datas/FAS/SiW-Mv2/official/spoof/Silicone/Mask_Silicone_14/170.png,1
/workspace/DS/Datas/FAS/SiW-Mv2/official/spoof/Silicone/Mask_Silicone_6/10.png,1
/workspace/DS/Datas/FAS/SiW-Mv2/official/spoof/Silicone/Mask_Silicone_9/130.png,1
/workspace/DS/Datas/FAS/SiW-Mv2/official/spoof/Silicone/Mask_Silicone_1/210.png,1
/workspace/DS/Datas/FAS/SiW-Mv2/official/spoof/Silicone/Mask_Silicone_16/185.png,1
/workspace/DS/Datas/FAS/SiW-Mv2/official/spoof/Silicone/Mask_Silicone_7/100.png,1
/workspace/DS/Datas/FAS/SiW-Mv2/official/spoof/Silicone/Mask_Silicone_11/85.png,1
/workspace/DS/Datas/FAS/SiW-Mv2/official/spoof/Silicone/Mask_Silicone_17/185.png,1
/workspace/DS/Datas/FAS/SiW-Mv2/official/spoof/Silicone/Mask_Silicone_2/90.png,1
/workspace/DS/Datas/FAS/SiW-Mv2/official/spoof/Silicone/Mask_Silicone_3/40.png,1
/workspace/DS/Datas/FAS/SiW-Mv2/official/spoof/Silicone/Mask_Silicone_5/95.png,1
/workspace/DS/Datas/FAS/SiW-Mv2/official/spoof/Silicone/Mask_Silicone_9/65.png,1
/workspace/DS/Datas/FAS/SiW-Mv2/official/spoof/Silicone/Mask_Silicone_7/55.png,1
/workspace/DS/Datas/FAS/SiW-Mv2/official/spoof/Silicone/Mask_Silicone_7/20.png,1
/workspace/DS/Datas/FAS/SiW-Mv2/official/spoof/Silicone/Mask_Silicone_13/50.png,1
/workspace/DS/Datas/FAS/SiW-Mv2/official/spoof/Silicone/Mask_Silicone_1/95.png,1
/workspace/DS/Datas/FAS/SiW-Mv2/official/spoof/Silicone/Mask_Silicone_13/75.png,1
/workspace/DS/Datas/FAS/SiW-Mv2/official/spoof/Silicone/Mask_Silicone_9/175.png,1
/workspace/DS/Datas/FAS/SiW-Mv2/official/spoof/Silicone/Mask_Silicone_2/100.png,1
/workspace/DS/Datas/FAS/SiW-Mv2/official/spoof/Silicone/Mask_Silicone_3/75.png,1
/workspace/DS/Datas/FAS/SiW-Mv2/official/spoof/Silicone/Mask_Silicone_5/50.png,1
/workspace/DS/Datas/FAS/SiW-Mv2/official/spoof/Silicone/Mask_Silicone_15/205.png,1
/workspace/DS/Datas/FAS/SiW-Mv2/official/spoof/Silicone/Mask_Silicone_6/105.png,1
/workspace/DS/Datas/FAS/SiW-Mv2/official/spoof/Silicone/Mask_Silicone_7/105.png,1
/workspace/DS/Datas/FAS/SiW-Mv2/official/spoof/Silicone/Mask_Silicone_10/190.png,1
/workspace/DS/Datas/FAS/SiW-Mv2/official/spoof/Silicone/Mask_Silicone_5/125.png,1
/workspace/DS/Datas/FAS/SiW-Mv2/official/spoof/Silicone/Mask_Silicone_14/15.png,1
/workspace/DS/Datas/FAS/SiW-Mv2/official/spoof/Silicone/Mask_Silicone_3/110.png,1
/workspace/DS/Datas/FAS/SiW-Mv2/official/spoof/Silicone/Mask_Silicone_17/35.png,1
/workspace/DS/Datas/FAS/SiW-Mv2/official/spoof/Silicone/Mask_Silicone_15/185.png,1
/workspace/DS/Datas/FAS/SiW-Mv2/official/spoof/Silicone/Mask_Silicone_5/65.png,1
/workspace/DS/Datas/FAS/SiW-Mv2/official/spoof/Silicone/Mask_Silicone_5/180.png,1
/workspace/DS/Datas/FAS/SiW-Mv2/official/spoof/Silicone/Mask_Silicone_11/50.png,1
/workspace/DS/Datas/FAS/SiW-Mv2/official/spoof/Silicone/Mask_Silicone_4/115.png,1
/workspace/DS/Datas/FAS/SiW-Mv2/official/spoof/Silicone/Mask_Silicone_17/150.png,1
/workspace/DS/Datas/FAS/SiW-Mv2/official/spoof/Silicone/Mask_Silicone_1/100.png,1
/workspace/DS/Datas/FAS/SiW-Mv2/official/spoof/Silicone/Mask_Silicone_7/85.png,1
/workspace/DS/Datas/FAS/SiW-Mv2/official/spoof/Silicone/Mask_Silicone_17/200.png,1
/workspace/DS/Datas/FAS/SiW-Mv2/official/spoof/Silicone/Mask_Silicone_10/85.png,1
/workspace/DS/Datas/FAS/SiW-Mv2/official/spoof/Silicone/Mask_Silicone_12/120.png,1
/workspace/DS/Datas/FAS/SiW-Mv2/official/spoof/Silicone/Mask_Silicone_4/165.png,1
/workspace/DS/Datas/FAS/SiW-Mv2/official/spoof/Silicone/Mask_Silicone_1/105.png,1
/workspace/DS/Datas/FAS/SiW-Mv2/official/spoof/Silicone/Mask_Silicone_13/185.png,1
/workspace/DS/Datas/FAS/SiW-Mv2/official/spoof/Silicone/Mask_Silicone_1/20.png,1
/workspace/DS/Datas/FAS/SiW-Mv2/official/spoof/Silicone/Mask_Silicone_12/85.png,1
/workspace/DS/Datas/FAS/SiW-Mv2/official/spoof/Silicone/Mask_Silicone_17/120.png,1
/workspace/DS/Datas/FAS/SiW-Mv2/official/spoof/Silicone/Mask_Silicone_10/105.png,1
/workspace/DS/Datas/FAS/SiW-Mv2/official/spoof/Silicone/Mask_Silicone_13/195.png,1
/workspace/DS/Datas/FAS/SiW-Mv2/official/spoof/Silicone/Mask_Silicone_14/65.png,1
/workspace/DS/Datas/FAS/SiW-Mv2/official/spoof/Silicone/Mask_Silicone_11/55.png,1
/workspace/DS/Datas/FAS/SiW-Mv2/official/spoof/Silicone/Mask_Silicone_2/180.png,1
/workspace/DS/Datas/FAS/SiW-Mv2/official/spoof/Silicone/Mask_Silicone_15/80.png,1
/workspace/DS/Datas/FAS/SiW-Mv2/official/spoof/Silicone/Mask_Silicone_4/35.png,1
/workspace/DS/Datas/FAS/SiW-Mv2/official/spoof/Silicone/Mask_Silicone_6/75.png,1
/workspace/DS/Datas/FAS/SiW-Mv2/official/spoof/Silicone/Mask_Silicone_9/150.png,1
/workspace/DS/Datas/FAS/SiW-Mv2/official/spoof/Silicone/Mask_Silicone_4/130.png,1
/workspace/DS/Datas/FAS/SiW-Mv2/official/spoof/Silicone/Mask_Silicone_12/205.png,1
/workspace/DS/Datas/FAS/SiW-Mv2/official/spoof/Silicone/Mask_Silicone_3/130.png,1
/workspace/DS/Datas/FAS/SiW-Mv2/official/spoof/Silicone/Mask_Silicone_17/10.png,1
/workspace/DS/Datas/FAS/SiW-Mv2/official/spoof/Silicone/Mask_Silicone_1/190.png,1
/workspace/DS/Datas/FAS/SiW-Mv2/official/spoof/Silicone/Mask_Silicone_9/35.png,1
/workspace/DS/Datas/FAS/SiW-Mv2/official/spoof/Silicone/Mask_Silicone_14/190.png,1
/workspace/DS/Datas/FAS/SiW-Mv2/official/spoof/Silicone/Mask_Silicone_14/95.png,1
/workspace/DS/Datas/FAS/SiW-Mv2/official/spoof/Silicone/Mask_Silicone_9/140.png,1
/workspace/DS/Datas/FAS/SiW-Mv2/official/spoof/Silicone/Mask_Silicone_17/190.png,1
/workspace/DS/Datas/FAS/SiW-Mv2/official/spoof/Silicone/Mask_Silicone_4/170.png,1
/workspace/DS/Datas/FAS/SiW-Mv2/official/spoof/Silicone/Mask_Silicone_10/45.png,1
/workspace/DS/Datas/FAS/SiW-Mv2/official/spoof/Silicone/Mask_Silicone_12/60.png,1
/workspace/DS/Datas/FAS/SiW-Mv2/official/spoof/Silicone/Mask_Silicone_2/25.png,1
/workspace/DS/Datas/FAS/SiW-Mv2/official/spoof/Silicone/Mask_Silicone_9/145.png,1
/workspace/DS/Datas/FAS/SiW-Mv2/official/spoof/Silicone/Mask_Silicone_13/100.png,1
/workspace/DS/Datas/FAS/SiW-Mv2/official/spoof/Silicone/Mask_Silicone_10/125.png,1
/workspace/DS/Datas/FAS/SiW-Mv2/official/spoof/Silicone/Mask_Silicone_1/80.png,1
/workspace/DS/Datas/FAS/SiW-Mv2/official/spoof/Silicone/Mask_Silicone_1/145.png,1
/workspace/DS/Datas/FAS/SiW-Mv2/official/spoof/Silicone/Mask_Silicone_6/135.png,1
/workspace/DS/Datas/FAS/SiW-Mv2/official/spoof/Silicone/Mask_Silicone_12/25.png,1
/workspace/DS/Datas/FAS/SiW-Mv2/official/spoof/Silicone/Mask_Silicone_15/100.png,1
/workspace/DS/Datas/FAS/SiW-Mv2/official/spoof/Silicone/Mask_Silicone_4/10.png,1
/workspace/DS/Datas/FAS/SiW-Mv2/official/spoof/Silicone/Mask_Silicone_7/5.png,1
/workspace/DS/Datas/FAS/SiW-Mv2/official/spoof/Silicone/Mask_Silicone_13/20.png,1
/workspace/DS/Datas/FAS/SiW-Mv2/official/spoof/Silicone/Mask_Silicone_16/60.png,1
/workspace/DS/Datas/FAS/SiW-Mv2/official/spoof/Silicone/Mask_Silicone_13/115.png,1
/workspace/DS/Datas/FAS/SiW-Mv2/official/spoof/Silicone/Mask_Silicone_5/210.png,1
/workspace/DS/Datas/FAS/SiW-Mv2/official/spoof/Silicone/Mask_Silicone_6/55.png,1
/workspace/DS/Datas/FAS/SiW-Mv2/official/spoof/Silicone/Mask_Silicone_6/40.png,1
/workspace/DS/Datas/FAS/SiW-Mv2/official/spoof/Silicone/Mask_Silicone_1/140.png,1
/workspace/DS/Datas/FAS/SiW-Mv2/official/spoof/Silicone/Mask_Silicone_15/145.png,1
/workspace/DS/Datas/FAS/SiW-Mv2/official/spoof/Silicone/Mask_Silicone_12/105.png,1
/workspace/DS/Datas/FAS/SiW-Mv2/official/spoof/Silicone/Mask_Silicone_4/95.png,1
/workspace/DS/Datas/FAS/SiW-Mv2/official/spoof/Silicone/Mask_Silicone_12/80.png,1
/workspace/DS/Datas/FAS/SiW-Mv2/official/spoof/Silicone/Mask_Silicone_11/140.png,1
/workspace/DS/Datas/FAS/SiW-Mv2/official/spoof/Silicone/Mask_Silicone_12/70.png,1
/workspace/DS/Datas/FAS/SiW-Mv2/official/spoof/Silicone/Mask_Silicone_6/115.png,1
/workspace/DS/Datas/FAS/SiW-Mv2/official/spoof/Silicone/Mask_Silicone_5/185.png,1
/workspace/DS/Datas/FAS/SiW-Mv2/official/spoof/Silicone/Mask_Silicone_17/170.png,1
/workspace/DS/Datas/FAS/SiW-Mv2/official/spoof/Silicone/Mask_Silicone_17/135.png,1
/workspace/DS/Datas/FAS/SiW-Mv2/official/spoof/Silicone/Mask_Silicone_6/170.png,1
/workspace/DS/Datas/FAS/SiW-Mv2/official/spoof/Silicone/Mask_Silicone_4/70.png,1
/workspace/DS/Datas/FAS/SiW-Mv2/official/spoof/Silicone/Mask_Silicone_16/45.png,1
/workspace/DS/Datas/FAS/SiW-Mv2/official/spoof/Silicone/Mask_Silicone_1/195.png,1
/workspace/DS/Datas/FAS/SiW-Mv2/official/spoof/Silicone/Mask_Silicone_12/160.png,1
/workspace/DS/Datas/FAS/SiW-Mv2/official/spoof/Silicone/Mask_Silicone_15/170.png,1
/workspace/DS/Datas/FAS/SiW-Mv2/official/spoof/Silicone/Mask_Silicone_12/15.png,1
/workspace/DS/Datas/FAS/SiW-Mv2/official/spoof/Silicone/Mask_Silicone_17/80.png,1
/workspace/DS/Datas/FAS/SiW-Mv2/official/spoof/Silicone/Mask_Silicone_2/140.png,1
/workspace/DS/Datas/FAS/SiW-Mv2/official/spoof/Silicone/Mask_Silicone_8/195.png,1
/workspace/DS/Datas/FAS/SiW-Mv2/official/spoof/Silicone/Mask_Silicone_16/10.png,1
/workspace/DS/Datas/FAS/SiW-Mv2/official/spoof/Silicone/Mask_Silicone_5/10.png,1
/workspace/DS/Datas/FAS/SiW-Mv2/official/spoof/Silicone/Mask_Silicone_7/120.png,1
/workspace/DS/Datas/FAS/SiW-Mv2/official/spoof/Silicone/Mask_Silicone_16/15.png,1
/workspace/DS/Datas/FAS/SiW-Mv2/official/spoof/Silicone/Mask_Silicone_6/185.png,1
/workspace/DS/Datas/FAS/SiW-Mv2/official/spoof/Silicone/Mask_Silicone_4/20.png,1
/workspace/DS/Datas/FAS/SiW-Mv2/official/spoof/Silicone/Mask_Silicone_2/15.png,1
/workspace/DS/Datas/FAS/SiW-Mv2/official/spoof/Silicone/Mask_Silicone_17/160.png,1
/workspace/DS/Datas/FAS/SiW-Mv2/official/spoof/Silicone/Mask_Silicone_14/115.png,1
/workspace/DS/Datas/FAS/SiW-Mv2/official/spoof/Silicone/Mask_Silicone_17/140.png,1
/workspace/DS/Datas/FAS/SiW-Mv2/official/spoof/Silicone/Mask_Silicone_17/40.png,1
/workspace/DS/Datas/FAS/SiW-Mv2/official/spoof/Silicone/Mask_Silicone_6/45.png,1
/workspace/DS/Datas/FAS/SiW-Mv2/official/spoof/Silicone/Mask_Silicone_2/115.png,1
/workspace/DS/Datas/FAS/SiW-Mv2/official/spoof/Silicone/Mask_Silicone_7/175.png,1
/workspace/DS/Datas/FAS/SiW-Mv2/official/spoof/Silicone/Mask_Silicone_8/20.png,1
/workspace/DS/Datas/FAS/SiW-Mv2/official/spoof/Silicone/Mask_Silicone_2/165.png,1
/workspace/DS/Datas/FAS/SiW-Mv2/official/spoof/Silicone/Mask_Silicone_7/210.png,1
/workspace/DS/Datas/FAS/SiW-Mv2/official/spoof/Silicone/Mask_Silicone_10/20.png,1
/workspace/DS/Datas/FAS/SiW-Mv2/official/spoof/Silicone/Mask_Silicone_13/155.png,1
/workspace/DS/Datas/FAS/SiW-Mv2/official/spoof/Silicone/Mask_Silicone_8/35.png,1
/workspace/DS/Datas/FAS/SiW-Mv2/official/spoof/Silicone/Mask_Silicone_16/170.png,1
/workspace/DS/Datas/FAS/SiW-Mv2/official/spoof/Silicone/Mask_Silicone_7/95.png,1
/workspace/DS/Datas/FAS/SiW-Mv2/official/spoof/Silicone/Mask_Silicone_16/140.png,1
/workspace/DS/Datas/FAS/SiW-Mv2/official/spoof/Silicone/Mask_Silicone_2/95.png,1
/workspace/DS/Datas/FAS/SiW-Mv2/official/spoof/Silicone/Mask_Silicone_17/100.png,1
/workspace/DS/Datas/FAS/SiW-Mv2/official/spoof/Silicone/Mask_Silicone_5/135.png,1
/workspace/DS/Datas/FAS/SiW-Mv2/official/spoof/Silicone/Mask_Silicone_4/190.png,1
/workspace/DS/Datas/FAS/SiW-Mv2/official/spoof/Silicone/Mask_Silicone_8/25.png,1
/workspace/DS/Datas/FAS/SiW-Mv2/official/spoof/Silicone/Mask_Silicone_9/100.png,1
/workspace/DS/Datas/FAS/SiW-Mv2/official/spoof/Silicone/Mask_Silicone_3/100.png,1
/workspace/DS/Datas/FAS/SiW-Mv2/official/spoof/Silicone/Mask_Silicone_14/110.png,1
/workspace/DS/Datas/FAS/SiW-Mv2/official/spoof/Silicone/Mask_Silicone_2/110.png,1
/workspace/DS/Datas/FAS/SiW-Mv2/official/spoof/Silicone/Mask_Silicone_11/60.png,1
/workspace/DS/Datas/FAS/SiW-Mv2/official/spoof/Silicone/Mask_Silicone_10/185.png,1
/workspace/DS/Datas/FAS/SiW-Mv2/official/spoof/Silicone/Mask_Silicone_14/105.png,1
/workspace/DS/Datas/FAS/SiW-Mv2/official/spoof/Silicone/Mask_Silicone_5/5.png,1
/workspace/DS/Datas/FAS/SiW-Mv2/official/spoof/Silicone/Mask_Silicone_7/60.png,1
/workspace/DS/Datas/FAS/SiW-Mv2/official/spoof/Silicone/Mask_Silicone_12/165.png,1
/workspace/DS/Datas/FAS/SiW-Mv2/official/spoof/Silicone/Mask_Silicone_17/130.png,1
/workspace/DS/Datas/FAS/SiW-Mv2/official/spoof/Silicone/Mask_Silicone_2/170.png,1
/workspace/DS/Datas/FAS/SiW-Mv2/official/spoof/Silicone/Mask_Silicone_15/55.png,1
/workspace/DS/Datas/FAS/SiW-Mv2/official/spoof/Silicone/Mask_Silicone_12/135.png,1
/workspace/DS/Datas/FAS/SiW-Mv2/official/spoof/Silicone/Mask_Silicone_17/145.png,1
/workspace/DS/Datas/FAS/SiW-Mv2/official/spoof/Silicone/Mask_Silicone_16/160.png,1
/workspace/DS/Datas/FAS/SiW-Mv2/official/spoof/Silicone/Mask_Silicone_1/60.png,1
/workspace/DS/Datas/FAS/SiW-Mv2/official/spoof/Silicone/Mask_Silicone_12/65.png,1
/workspace/DS/Datas/FAS/SiW-Mv2/official/spoof/Silicone/Mask_Silicone_8/185.png,1
/workspace/DS/Datas/FAS/SiW-Mv2/official/spoof/Silicone/Mask_Silicone_5/150.png,1
/workspace/DS/Datas/FAS/SiW-Mv2/official/spoof/Silicone/Mask_Silicone_16/180.png,1
/workspace/DS/Datas/FAS/SiW-Mv2/official/spoof/Silicone/Mask_Silicone_13/45.png,1
/workspace/DS/Datas/FAS/SiW-Mv2/official/spoof/Silicone/Mask_Silicone_11/70.png,1
/workspace/DS/Datas/FAS/SiW-Mv2/official/spoof/Silicone/Mask_Silicone_11/180.png,1
/workspace/DS/Datas/FAS/SiW-Mv2/official/spoof/Silicone/Mask_Silicone_9/95.png,1
/workspace/DS/Datas/FAS/SiW-Mv2/official/spoof/Silicone/Mask_Silicone_15/70.png,1
/workspace/DS/Datas/FAS/SiW-Mv2/official/spoof/Silicone/Mask_Silicone_9/85.png,1
/workspace/DS/Datas/FAS/SiW-Mv2/official/spoof/Silicone/Mask_Silicone_12/50.png,1
/workspace/DS/Datas/FAS/SiW-Mv2/official/spoof/Silicone/Mask_Silicone_9/165.png,1
/workspace/DS/Datas/FAS/SiW-Mv2/official/spoof/Silicone/Mask_Silicone_4/75.png,1
/workspace/DS/Datas/FAS/SiW-Mv2/official/spoof/Silicone/Mask_Silicone_16/40.png,1
/workspace/DS/Datas/FAS/SiW-Mv2/official/spoof/Silicone/Mask_Silicone_3/55.png,1
/workspace/DS/Datas/FAS/SiW-Mv2/official/spoof/Silicone/Mask_Silicone_6/175.png,1
/workspace/DS/Datas/FAS/SiW-Mv2/official/spoof/Silicone/Mask_Silicone_17/165.png,1
/workspace/DS/Datas/FAS/SiW-Mv2/official/spoof/Silicone/Mask_Silicone_14/55.png,1
/workspace/DS/Datas/FAS/SiW-Mv2/official/spoof/Silicone/Mask_Silicone_7/140.png,1
/workspace/DS/Datas/FAS/SiW-Mv2/official/spoof/Silicone/Mask_Silicone_10/180.png,1
/workspace/DS/Datas/FAS/SiW-Mv2/official/spoof/Silicone/Mask_Silicone_1/155.png,1
/workspace/DS/Datas/FAS/SiW-Mv2/official/spoof/Silicone/Mask_Silicone_2/35.png,1
/workspace/DS/Datas/FAS/SiW-Mv2/official/spoof/Silicone/Mask_Silicone_10/130.png,1
/workspace/DS/Datas/FAS/SiW-Mv2/official/spoof/Silicone/Mask_Silicone_13/160.png,1
/workspace/DS/Datas/FAS/SiW-Mv2/official/spoof/Silicone/Mask_Silicone_4/5.png,1
/workspace/DS/Datas/FAS/SiW-Mv2/official/spoof/Silicone/Mask_Silicone_12/20.png,1
/workspace/DS/Datas/FAS/SiW-Mv2/official/spoof/Silicone/Mask_Silicone_12/155.png,1
/workspace/DS/Datas/FAS/SiW-Mv2/official/spoof/Silicone/Mask_Silicone_5/55.png,1
/workspace/DS/Datas/FAS/SiW-Mv2/official/spoof/Silicone/Mask_Silicone_2/40.png,1
/workspace/DS/Datas/FAS/SiW-Mv2/official/spoof/Silicone/Mask_Silicone_13/190.png,1
/workspace/DS/Datas/FAS/SiW-Mv2/official/spoof/Silicone/Mask_Silicone_8/155.png,1
/workspace/DS/Datas/FAS/SiW-Mv2/official/spoof/Silicone/Mask_Silicone_2/175.png,1
/workspace/DS/Datas/FAS/SiW-Mv2/official/spoof/Silicone/Mask_Silicone_12/170.png,1
/workspace/DS/Datas/FAS/SiW-Mv2/official/spoof/Silicone/Mask_Silicone_14/160.png,1
/workspace/DS/Datas/FAS/SiW-Mv2/official/spoof/Silicone/Mask_Silicone_16/55.png,1
/workspace/DS/Datas/FAS/SiW-Mv2/official/spoof/Silicone/Mask_Silicone_3/135.png,1
/workspace/DS/Datas/FAS/SiW-Mv2/official/spoof/Silicone/Mask_Silicone_11/205.png,1
/workspace/DS/Datas/FAS/SiW-Mv2/official/spoof/Silicone/Mask_Silicone_7/180.png,1
/workspace/DS/Datas/FAS/SiW-Mv2/official/spoof/Silicone/Mask_Silicone_14/200.png,1
/workspace/DS/Datas/FAS/SiW-Mv2/official/spoof/Silicone/Mask_Silicone_5/130.png,1
/workspace/DS/Datas/FAS/SiW-Mv2/official/spoof/Silicone/Mask_Silicone_17/70.png,1
/workspace/DS/Datas/FAS/SiW-Mv2/official/spoof/Silicone/Mask_Silicone_17/60.png,1
/workspace/DS/Datas/FAS/SiW-Mv2/official/spoof/Silicone/Mask_Silicone_2/125.png,1
/workspace/DS/Datas/FAS/SiW-Mv2/official/spoof/Silicone/Mask_Silicone_9/70.png,1
/workspace/DS/Datas/FAS/SiW-Mv2/official/spoof/Silicone/Mask_Silicone_3/170.png,1
/workspace/DS/Datas/FAS/SiW-Mv2/official/spoof/Silicone/Mask_Silicone_1/75.png,1
/workspace/DS/Datas/FAS/SiW-Mv2/official/spoof/Silicone/Mask_Silicone_7/45.png,1
/workspace/DS/Datas/FAS/SiW-Mv2/official/spoof/Silicone/Mask_Silicone_1/5.png,1
/workspace/DS/Datas/FAS/SiW-Mv2/official/spoof/Silicone/Mask_Silicone_15/65.png,1
/workspace/DS/Datas/FAS/SiW-Mv2/official/spoof/Silicone/Mask_Silicone_9/115.png,1
/workspace/DS/Datas/FAS/SiW-Mv2/official/spoof/Silicone/Mask_Silicone_15/85.png,1
/workspace/DS/Datas/FAS/SiW-Mv2/official/spoof/Silicone/Mask_Silicone_11/185.png,1
/workspace/DS/Datas/FAS/SiW-Mv2/official/spoof/Silicone/Mask_Silicone_3/115.png,1
/workspace/DS/Datas/FAS/SiW-Mv2/official/spoof/Silicone/Mask_Silicone_4/45.png,1
/workspace/DS/Datas/FAS/SiW-Mv2/official/spoof/Silicone/Mask_Silicone_2/45.png,1
/workspace/DS/Datas/FAS/SiW-Mv2/official/spoof/Silicone/Mask_Silicone_15/150.png,1
/workspace/DS/Datas/FAS/SiW-Mv2/official/spoof/Silicone/Mask_Silicone_6/90.png,1
/workspace/DS/Datas/FAS/SiW-Mv2/official/spoof/Silicone/Mask_Silicone_16/20.png,1
/workspace/DS/Datas/FAS/SiW-Mv2/official/spoof/Silicone/Mask_Silicone_10/80.png,1
/workspace/DS/Datas/FAS/SiW-Mv2/official/spoof/Silicone/Mask_Silicone_8/125.png,1
/workspace/DS/Datas/FAS/SiW-Mv2/official/spoof/Silicone/Mask_Silicone_15/35.png,1
/workspace/DS/Datas/FAS/SiW-Mv2/official/spoof/Silicone/Mask_Silicone_14/50.png,1
/workspace/DS/Datas/FAS/SiW-Mv2/official/spoof/Silicone/Mask_Silicone_11/65.png,1
/workspace/DS/Datas/FAS/SiW-Mv2/official/spoof/Silicone/Mask_Silicone_15/50.png,1
